{
  "pool_settings": {
    "active_pool_size": 100,
    "rotation_interval": 3600,
    "test_batch_size": 20,
    "max_rtt_threshold": 2000,
    "auto_replace_slow": true,
    "slow_threshold_rtt": 500,
    "max_rotation_time": 3000,
    "incremental_replace": true,
    "canary_testing": true,
    "canary_wait_time": 300
  },
  
  "bandwidth_prediction": {
    "mbps_per_resolver": 5,
    "formula": "active_count × mbps_per_resolver",
    "efficiency_threshold": 0.7
  },
  
  "test_server": {
    "domain": "test.t.irihost.com",
    "port": 5353,
    "timeout": 3,
    "query_prefix": "health-check"
  },
  
  "iperf3": {
    "server": "iperf.he.net",
    "port": 5201,
    "duration": 10,
    "auto_test_interval": 3600,
    "rollback_threshold": 0.7
  },
  
  "paths": {
    "pool_dir": "/etc/slipstream/dns-pool",
    "pool_all": "/etc/slipstream/dns-pool/pool-all.txt",
    "pool_active": "/etc/slipstream/dns-pool/pool-active.txt",
    "pool_used": "/etc/slipstream/dns-pool/pool-used.txt",
    "pool_failed": "/etc/slipstream/dns-pool/pool-failed.txt",
    "rotation_state": "/etc/slipstream/dns-pool/rotation-state.json",
    "stats_history": "/etc/slipstream/dns-pool/stats-history.json",
    "resolvers_file": "/etc/slipstream/resolvers.txt"
  },
  
  "dashboard": {
    "host": "0.0.0.0",
    "port": 8443,
    "username": "admin",
    "password_file": "/etc/slipstream/dashboard-password.txt",
    "ssl_cert": "/etc/slipstream/dashboard-cert.pem",
    "ssl_key": "/etc/slipstream/dashboard-key.pem"
  },
  
  "logging": {
    "level": "INFO",
    "file": "/var/log/dns-pool-manager.log",
    "max_size": 10485760,
    "backup_count": 5
  }
}
